{
    "agatha_harkness_beam": {
    "sounds": [
     "player/agatha_harkness_beam"
    ],
    "category": "player"
    },
    "agatha_harkness_blast": {
    "sounds": [
     "player/agatha_harkness_blast"
    ],
    "category": "player"
    },
    "agatha_harkness_telekinesis_loop": {
    "sounds": [
     "player/agatha_harkness_telekinesis_loop"
    ],
    "category": "player"
    },
    "captain_marvel_photon_beam": {
    "sounds": [
     "player/captain_marvel_photon_beam"
    ],
    "category": "player"
    },
    "captain_marvel_photon_blast": {
    "sounds": [
     "player/captain_marvel_photon_blast"
    ],
    "category": "player"
    },
    "doctor_fate_teleport": {
    "sounds": [
     "player/doctor_fate_teleport"
    ],
    "category": "player"
    },
    "hulk_transformation": {
    "sounds": [
     "player/hulk_transformation"
    ],
    "category": "player"
    },
    "night_vision": {
    "sounds": [
     "player/night_vision"
    ],
    "category": "player"
    },
    "scarlet_witch_chaos_beam": {
    "sounds": [
     "player/scarlet_witch_chaos_beam"
    ],
    "category": "player"
    },
    "scarlet_witch_chaos_beam_stop": {
    "sounds": [
     "player/scarlet_witch_chaos_beam_stop"
    ],
    "category": "player"
    },
    "scarlet_witch_chaos_blast": {
    "sounds": [
     "player/scarlet_witch_chaos_blast"
    ],
    "category": "player"
    },
    "scarlet_witch_chaos_magic": {
    "sounds": [
     "player/scarlet_witch_chaos_magic"
    ],
    "category": "player"
    },
    "scarlet_witch_flight_boost": {
    "sounds": [
     "player/scarlet_witch_flight_boost"
    ],
    "category": "player"
    },
    "scarlet_witch_telekinesis_loop": {
    "sounds": [
     "player/scarlet_witch_telekinesis_loop"
    ],
    "category": "player"
    },
    "scarlet_witch_telekinesis_start": {
    "sounds": [
     "player/scarlet_witch_telekinesis_start"
    ],
    "category": "player"
    },
    "scarlet_witch_teleport": {
    "sounds": [
     "player/scarlet_witch_teleport"
    ],
    "category": "player"
    },
    "sentry_void_induction": {
    "sounds": [
     "player/sentry_void_induction"
    ],
    "category": "player"
    },
    "shazam_transformation": {
    "sounds": [
     "player/shazam_transformation"
    ],
    "category": "player"
    },
    "shazam_transformation2": {
    "sounds": [
     "player/shazam_transformation2"
    ],
    "category": "player"
    },
    "she_hulk_transformation": {
    "sounds": [
     "player/she_hulk_transformation"
    ],
    "category": "player"
    },
    "speedster_arm_vortex": {
    "sounds": [
     "player/speedster_arm_vortex"
    ],
    "category": "player"
    },
    "speedster_black_flash_roar": {
    "sounds": [
     "player/speedster_black_flash_roar1",
     "player/speedster_black_flash_roar2",
     "player/speedster_black_flash_roar3"
    ],
    "category": "player"
    },
    "speedster_chest_burster": {
    "sounds": [
     "player/speedster_chest_burster"
    ],
    "category": "player"
    },
    "speedster_flash_vibration": {
    "sounds": [
     "player/speedster_flash_vibration"
    ],
    "category": "player"
    },
    "speedster_flash_vibration_on": {
    "sounds": [
     "player/speedster_flash_vibration_on"
    ],
    "category": "player"
    },
    "speedster_reverse_flash_vibration": {
    "sounds": [
     "player/speedster_reverse_flash_vibration"
    ],
    "category": "player"
    },
    "speedster_reverse_flash_vibration_on": {
    "sounds": [
     "player/speedster_reverse_flash_vibration_on"
    ],
    "category": "player"
    },
    "speedster_savitar_theme": {
    "sounds": [
     "player/speedster_savitar_theme"
    ],
    "category": "player"
    },
    "speedster_savitar_voice_line": {
    "sounds": [
     "player/speedster_savitar_voice_line1",
     "player/speedster_savitar_voice_line2",
     "player/speedster_savitar_voice_line3"
    ],
    "category": "player"
    },
    "speedster_speed_mirage": {
    "sounds": [
     "player/speedster_speed_mirage"
    ],
    "category": "player"
    },
    "speedster_zoom_theme": {
    "sounds": [
     "player/speedster_zoom_theme"
    ],
    "category": "player"
    },
    "superhero_landing": {
    "sounds": [
     "player/superhero_landing"
    ],
    "category": "player"
    },
    "thunder_clap": {
    "sounds": [
     "player/thunder_clap"
    ],
    "category": "player"
    }
}